classifier,extractor,window,smoothing_window,smoothing_type,subject,roc_score,test_series
linear-discriminant-analysis,csp,1,0,no_smoothing,1,0.5563572392836992,[1]
linear-discriminant-analysis,csp,1,0,no_smoothing,1,0.5721850432546626,[2]
linear-discriminant-analysis,csp,1,0,no_smoothing,1,0.5648245072993976,[3]
linear-discriminant-analysis,csp,1,0,no_smoothing,1,0.5594396967082677,[4]
linear-discriminant-analysis,csp,1,0,no_smoothing,1,0.5864995229691407,[5]
linear-discriminant-analysis,csp,1,0,no_smoothing,1,0.5744111038251805,[6]
linear-discriminant-analysis,csp,1,0,no_smoothing,1,0.5807704258144724,[7]
linear-discriminant-analysis,csp,1,0,no_smoothing,1,0.5687659602464504,[8]
linear-discriminant-analysis,csp,1,0,no_smoothing,2,0.685210784644788,[1]
linear-discriminant-analysis,csp,1,0,no_smoothing,2,0.39301824408736485,[2]
linear-discriminant-analysis,csp,1,0,no_smoothing,2,0.6261582909411972,[3]
linear-discriminant-analysis,csp,1,0,no_smoothing,2,0.7051956648683437,[4]
linear-discriminant-analysis,csp,1,0,no_smoothing,2,0.6199508628720287,[5]
linear-discriminant-analysis,csp,1,0,no_smoothing,2,0.6965452035869738,[6]
linear-discriminant-analysis,csp,1,0,no_smoothing,2,0.6353938008823855,[7]
linear-discriminant-analysis,csp,1,0,no_smoothing,2,0.6267046302820437,[8]
linear-discriminant-analysis,csp,1,0,no_smoothing,3,0.5440763266949632,[1]
linear-discriminant-analysis,csp,1,0,no_smoothing,3,0.6016252858505853,[2]
linear-discriminant-analysis,csp,1,0,no_smoothing,3,0.6350387486538335,[3]
linear-discriminant-analysis,csp,1,0,no_smoothing,3,0.6394490838390475,[4]
linear-discriminant-analysis,csp,1,0,no_smoothing,3,0.6395528346645114,[5]
linear-discriminant-analysis,csp,1,0,no_smoothing,3,0.5735422895495406,[6]
linear-discriminant-analysis,csp,1,0,no_smoothing,3,0.5863946392439626,[7]
linear-discriminant-analysis,csp,1,0,no_smoothing,3,0.5712426392790667,[8]
linear-discriminant-analysis,csp,1,0,no_smoothing,4,0.6143770832129047,[1]
linear-discriminant-analysis,csp,1,0,no_smoothing,4,0.6314113711147494,[2]
linear-discriminant-analysis,csp,1,0,no_smoothing,4,0.5996985071439339,[3]
linear-discriminant-analysis,csp,1,0,no_smoothing,4,0.661036326256556,[4]
linear-discriminant-analysis,csp,1,0,no_smoothing,4,0.5872800880028195,[5]
linear-discriminant-analysis,csp,1,0,no_smoothing,4,0.647375508181243,[6]
linear-discriminant-analysis,csp,1,0,no_smoothing,4,0.5746200770870656,[7]
linear-discriminant-analysis,csp,1,0,no_smoothing,4,0.5871852064457582,[8]
linear-discriminant-analysis,csp,1,0,no_smoothing,5,0.5798445004196188,[1]
linear-discriminant-analysis,csp,1,0,no_smoothing,5,0.5624341879007052,[2]
linear-discriminant-analysis,csp,1,0,no_smoothing,5,0.6016823879289065,[3]
linear-discriminant-analysis,csp,1,0,no_smoothing,5,0.5732733871377088,[4]
linear-discriminant-analysis,csp,1,0,no_smoothing,5,0.5861288506391196,[5]
linear-discriminant-analysis,csp,1,0,no_smoothing,5,0.5929827482104651,[6]
linear-discriminant-analysis,csp,1,0,no_smoothing,5,0.5602940621597953,[7]
linear-discriminant-analysis,csp,1,0,no_smoothing,5,0.5399666511889474,[8]
linear-discriminant-analysis,csp,1,0,no_smoothing,6,0.5599412365236792,[1]
linear-discriminant-analysis,csp,1,0,no_smoothing,6,0.5728100688628953,[2]
linear-discriminant-analysis,csp,1,0,no_smoothing,6,0.5497798812301872,[3]
linear-discriminant-analysis,csp,1,0,no_smoothing,6,0.6044891587762066,[4]
linear-discriminant-analysis,csp,1,0,no_smoothing,6,0.5700498676904805,[5]
linear-discriminant-analysis,csp,1,0,no_smoothing,6,0.5516745096847956,[6]
linear-discriminant-analysis,csp,1,0,no_smoothing,6,0.599156101811634,[7]
linear-discriminant-analysis,csp,1,0,no_smoothing,6,0.594130507533435,[8]
linear-discriminant-analysis,csp,1,0,no_smoothing,7,0.6034744096967564,[1]
linear-discriminant-analysis,csp,1,0,no_smoothing,7,0.5570381209988559,[2]
linear-discriminant-analysis,csp,1,0,no_smoothing,7,0.636421902919922,[3]
linear-discriminant-analysis,csp,1,0,no_smoothing,7,0.6277783715734457,[4]
linear-discriminant-analysis,csp,1,0,no_smoothing,7,0.6257191019928846,[5]
linear-discriminant-analysis,csp,1,0,no_smoothing,7,0.5908319947220271,[6]
linear-discriminant-analysis,csp,1,0,no_smoothing,7,0.5836967083849155,[7]
linear-discriminant-analysis,csp,1,0,no_smoothing,7,0.5924048579468071,[8]
linear-discriminant-analysis,csp,1,50,boxcar,1,0.6145306526954757,[1]
linear-discriminant-analysis,csp,1,50,boxcar,1,0.6465667335608499,[2]
linear-discriminant-analysis,csp,1,50,boxcar,1,0.6287698747393285,[3]
linear-discriminant-analysis,csp,1,50,boxcar,1,0.6081560941214108,[4]
linear-discriminant-analysis,csp,1,50,boxcar,1,0.6619691721233907,[5]
linear-discriminant-analysis,csp,1,50,boxcar,1,0.6410756270245195,[6]
linear-discriminant-analysis,csp,1,50,boxcar,1,0.636509703365013,[7]
linear-discriminant-analysis,csp,1,50,boxcar,1,0.6343266563974141,[8]
linear-discriminant-analysis,csp,1,50,boxcar,2,0.7772688685942013,[1]
linear-discriminant-analysis,csp,1,50,boxcar,2,0.3562502177596724,[2]
linear-discriminant-analysis,csp,1,50,boxcar,2,0.7026781973719421,[3]
linear-discriminant-analysis,csp,1,50,boxcar,2,0.7876035217686891,[4]
linear-discriminant-analysis,csp,1,50,boxcar,2,0.6828161048379445,[5]
linear-discriminant-analysis,csp,1,50,boxcar,2,0.7808602976290654,[6]
linear-discriminant-analysis,csp,1,50,boxcar,2,0.688902348192733,[7]
linear-discriminant-analysis,csp,1,50,boxcar,2,0.6980191925919458,[8]
linear-discriminant-analysis,csp,1,50,boxcar,3,0.5905828451539029,[1]
linear-discriminant-analysis,csp,1,50,boxcar,3,0.6622451170872604,[2]
linear-discriminant-analysis,csp,1,50,boxcar,3,0.7015746713016382,[3]
linear-discriminant-analysis,csp,1,50,boxcar,3,0.7084723125430651,[4]
linear-discriminant-analysis,csp,1,50,boxcar,3,0.700145267405499,[5]
linear-discriminant-analysis,csp,1,50,boxcar,3,0.6030934351780802,[6]
linear-discriminant-analysis,csp,1,50,boxcar,3,0.6260178205738267,[7]
linear-discriminant-analysis,csp,1,50,boxcar,3,0.6117611831251809,[8]
linear-discriminant-analysis,csp,1,50,boxcar,4,0.7020134124514469,[1]
linear-discriminant-analysis,csp,1,50,boxcar,4,0.7193768628232554,[2]
linear-discriminant-analysis,csp,1,50,boxcar,4,0.6915011691742378,[3]
linear-discriminant-analysis,csp,1,50,boxcar,4,0.767770981035485,[4]
linear-discriminant-analysis,csp,1,50,boxcar,4,0.6551300077299399,[5]
linear-discriminant-analysis,csp,1,50,boxcar,4,0.7401556040712528,[6]
linear-discriminant-analysis,csp,1,50,boxcar,4,0.6449510006072964,[7]
linear-discriminant-analysis,csp,1,50,boxcar,4,0.6638741269177876,[8]
linear-discriminant-analysis,csp,1,50,boxcar,5,0.6322589803587504,[1]
linear-discriminant-analysis,csp,1,50,boxcar,5,0.6161894951199391,[2]
linear-discriminant-analysis,csp,1,50,boxcar,5,0.6602747731058186,[3]
linear-discriminant-analysis,csp,1,50,boxcar,5,0.6269462779833014,[4]
linear-discriminant-analysis,csp,1,50,boxcar,5,0.6429444131931569,[5]
linear-discriminant-analysis,csp,1,50,boxcar,5,0.6555359222073502,[6]
linear-discriminant-analysis,csp,1,50,boxcar,5,0.5981934845901073,[7]
linear-discriminant-analysis,csp,1,50,boxcar,5,0.5679249357669395,[8]
linear-discriminant-analysis,csp,1,50,boxcar,6,0.5864492923461374,[1]
linear-discriminant-analysis,csp,1,50,boxcar,6,0.6113900666699615,[2]
linear-discriminant-analysis,csp,1,50,boxcar,6,0.5637554920502215,[3]
linear-discriminant-analysis,csp,1,50,boxcar,6,0.6427875402309114,[4]
linear-discriminant-analysis,csp,1,50,boxcar,6,0.5981081718478204,[5]
linear-discriminant-analysis,csp,1,50,boxcar,6,0.5765500572723803,[6]
linear-discriminant-analysis,csp,1,50,boxcar,6,0.624488880161793,[7]
linear-discriminant-analysis,csp,1,50,boxcar,6,0.6200721572886864,[8]
linear-discriminant-analysis,csp,1,50,boxcar,7,0.6870654490371418,[1]
linear-discriminant-analysis,csp,1,50,boxcar,7,0.6189197635184547,[2]
linear-discriminant-analysis,csp,1,50,boxcar,7,0.729751322763376,[3]
linear-discriminant-analysis,csp,1,50,boxcar,7,0.7165299930753745,[4]
linear-discriminant-analysis,csp,1,50,boxcar,7,0.7174186521840423,[5]
linear-discriminant-analysis,csp,1,50,boxcar,7,0.6438013712938055,[6]
linear-discriminant-analysis,csp,1,50,boxcar,7,0.6508706608954159,[7]
linear-discriminant-analysis,csp,1,50,boxcar,7,0.6559171840401311,[8]
linear-discriminant-analysis,csp,1,100,boxcar,1,0.6364136599398901,[1]
linear-discriminant-analysis,csp,1,100,boxcar,1,0.665612028505857,[2]
linear-discriminant-analysis,csp,1,100,boxcar,1,0.6411969810782857,[3]
linear-discriminant-analysis,csp,1,100,boxcar,1,0.6193165843057277,[4]
linear-discriminant-analysis,csp,1,100,boxcar,1,0.682380880106462,[5]
linear-discriminant-analysis,csp,1,100,boxcar,1,0.6577984525084323,[6]
linear-discriminant-analysis,csp,1,100,boxcar,1,0.6408421475922416,[7]
linear-discriminant-analysis,csp,1,100,boxcar,1,0.6532468797842305,[8]
linear-discriminant-analysis,csp,1,100,boxcar,2,0.7938105558971017,[1]
linear-discriminant-analysis,csp,1,100,boxcar,2,0.3467867227880253,[2]
linear-discriminant-analysis,csp,1,100,boxcar,2,0.7134749465297988,[3]
linear-discriminant-analysis,csp,1,100,boxcar,2,0.7976674225832753,[4]
linear-discriminant-analysis,csp,1,100,boxcar,2,0.6913825614223299,[5]
linear-discriminant-analysis,csp,1,100,boxcar,2,0.7939877705445565,[6]
linear-discriminant-analysis,csp,1,100,boxcar,2,0.6902936082767298,[7]
linear-discriminant-analysis,csp,1,100,boxcar,2,0.710719891355578,[8]
linear-discriminant-analysis,csp,1,100,boxcar,3,0.6121029817046795,[1]
linear-discriminant-analysis,csp,1,100,boxcar,3,0.6740609452799106,[2]
linear-discriminant-analysis,csp,1,100,boxcar,3,0.7072446427375967,[3]
linear-discriminant-analysis,csp,1,100,boxcar,3,0.7135335178686214,[4]
linear-discriminant-analysis,csp,1,100,boxcar,3,0.7082706294742164,[5]
linear-discriminant-analysis,csp,1,100,boxcar,3,0.6083947762245993,[6]
linear-discriminant-analysis,csp,1,100,boxcar,3,0.6209153182363335,[7]
linear-discriminant-analysis,csp,1,100,boxcar,3,0.6143208922378437,[8]
linear-discriminant-analysis,csp,1,100,boxcar,4,0.7234702256773612,[1]
linear-discriminant-analysis,csp,1,100,boxcar,4,0.7492829546840936,[2]
linear-discriminant-analysis,csp,1,100,boxcar,4,0.7114531234042466,[3]
linear-discriminant-analysis,csp,1,100,boxcar,4,0.7900676906784337,[4]
linear-discriminant-analysis,csp,1,100,boxcar,4,0.6660644080743205,[5]
linear-discriminant-analysis,csp,1,100,boxcar,4,0.7604338021284495,[6]
linear-discriminant-analysis,csp,1,100,boxcar,4,0.664563450550259,[7]
linear-discriminant-analysis,csp,1,100,boxcar,4,0.6746202359531953,[8]
linear-discriminant-analysis,csp,1,100,boxcar,5,0.6532793097709843,[1]
linear-discriminant-analysis,csp,1,100,boxcar,5,0.6465306604021693,[2]
linear-discriminant-analysis,csp,1,100,boxcar,5,0.6815699324488057,[3]
linear-discriminant-analysis,csp,1,100,boxcar,5,0.6428336640122777,[4]
linear-discriminant-analysis,csp,1,100,boxcar,5,0.6633191190157924,[5]
linear-discriminant-analysis,csp,1,100,boxcar,5,0.6688266715490804,[6]
linear-discriminant-analysis,csp,1,100,boxcar,5,0.6157758334638915,[7]
linear-discriminant-analysis,csp,1,100,boxcar,5,0.5820437217200632,[8]
linear-discriminant-analysis,csp,1,100,boxcar,6,0.5911506890385354,[1]
linear-discriminant-analysis,csp,1,100,boxcar,6,0.6155104919134451,[2]
linear-discriminant-analysis,csp,1,100,boxcar,6,0.5621898856882114,[3]
linear-discriminant-analysis,csp,1,100,boxcar,6,0.6545897320508326,[4]
linear-discriminant-analysis,csp,1,100,boxcar,6,0.5957783347569642,[5]
linear-discriminant-analysis,csp,1,100,boxcar,6,0.5804562363835503,[6]
linear-discriminant-analysis,csp,1,100,boxcar,6,0.630362447546359,[7]
linear-discriminant-analysis,csp,1,100,boxcar,6,0.6108402332557991,[8]
linear-discriminant-analysis,csp,1,100,boxcar,7,0.7033766340517404,[1]
linear-discriminant-analysis,csp,1,100,boxcar,7,0.6371595897524159,[2]
linear-discriminant-analysis,csp,1,100,boxcar,7,0.7513045227218357,[3]
linear-discriminant-analysis,csp,1,100,boxcar,7,0.7344528703026169,[4]
linear-discriminant-analysis,csp,1,100,boxcar,7,0.7419336640522732,[5]
linear-discriminant-analysis,csp,1,100,boxcar,7,0.6493232795882676,[6]
linear-discriminant-analysis,csp,1,100,boxcar,7,0.6731885736285007,[7]
linear-discriminant-analysis,csp,1,100,boxcar,7,0.6708376186141499,[8]
linear-discriminant-analysis,csp,1,150,boxcar,1,0.6547934504028775,[1]
linear-discriminant-analysis,csp,1,150,boxcar,1,0.6765979710527864,[2]
linear-discriminant-analysis,csp,1,150,boxcar,1,0.6526083851701313,[3]
linear-discriminant-analysis,csp,1,150,boxcar,1,0.6342653861466606,[4]
linear-discriminant-analysis,csp,1,150,boxcar,1,0.6978812591823202,[5]
linear-discriminant-analysis,csp,1,150,boxcar,1,0.6715960927358603,[6]
linear-discriminant-analysis,csp,1,150,boxcar,1,0.6508173444983658,[7]
linear-discriminant-analysis,csp,1,150,boxcar,1,0.6703263766339506,[8]
linear-discriminant-analysis,csp,1,150,boxcar,2,0.8021664761815375,[1]
linear-discriminant-analysis,csp,1,150,boxcar,2,0.34078519879210606,[2]
linear-discriminant-analysis,csp,1,150,boxcar,2,0.7169226067118687,[3]
linear-discriminant-analysis,csp,1,150,boxcar,2,0.8038188373566614,[4]
linear-discriminant-analysis,csp,1,150,boxcar,2,0.6932885446731024,[5]
linear-discriminant-analysis,csp,1,150,boxcar,2,0.7980367742048524,[6]
linear-discriminant-analysis,csp,1,150,boxcar,2,0.6884695355291409,[7]
linear-discriminant-analysis,csp,1,150,boxcar,2,0.717684041110432,[8]
linear-discriminant-analysis,csp,1,150,boxcar,3,0.6211365787530878,[1]
linear-discriminant-analysis,csp,1,150,boxcar,3,0.6798512976438676,[2]
linear-discriminant-analysis,csp,1,150,boxcar,3,0.7092076732487217,[3]
linear-discriminant-analysis,csp,1,150,boxcar,3,0.7082576535508003,[4]
linear-discriminant-analysis,csp,1,150,boxcar,3,0.7130595989806078,[5]
linear-discriminant-analysis,csp,1,150,boxcar,3,0.6091258743570068,[6]
linear-discriminant-analysis,csp,1,150,boxcar,3,0.6088293539045808,[7]
linear-discriminant-analysis,csp,1,150,boxcar,3,0.6152549412909506,[8]
linear-discriminant-analysis,csp,1,150,boxcar,4,0.7352696577736729,[1]
linear-discriminant-analysis,csp,1,150,boxcar,4,0.767817864275175,[2]
linear-discriminant-analysis,csp,1,150,boxcar,4,0.7217268614290661,[3]
linear-discriminant-analysis,csp,1,150,boxcar,4,0.800804676337611,[4]
linear-discriminant-analysis,csp,1,150,boxcar,4,0.6756964548689727,[5]
linear-discriminant-analysis,csp,1,150,boxcar,4,0.7723360491082528,[6]
linear-discriminant-analysis,csp,1,150,boxcar,4,0.679081280022641,[7]
linear-discriminant-analysis,csp,1,150,boxcar,4,0.674815706779773,[8]
linear-discriminant-analysis,csp,1,150,boxcar,5,0.6677534712978445,[1]
linear-discriminant-analysis,csp,1,150,boxcar,5,0.6627746501008182,[2]
linear-discriminant-analysis,csp,1,150,boxcar,5,0.7011089367578451,[3]
linear-discriminant-analysis,csp,1,150,boxcar,5,0.6532334411709967,[4]
linear-discriminant-analysis,csp,1,150,boxcar,5,0.6704691786152973,[5]
linear-discriminant-analysis,csp,1,150,boxcar,5,0.678432833197988,[6]
linear-discriminant-analysis,csp,1,150,boxcar,5,0.6332784787752429,[7]
linear-discriminant-analysis,csp,1,150,boxcar,5,0.5900903109949809,[8]
linear-discriminant-analysis,csp,1,150,boxcar,6,0.588642024542375,[1]
linear-discriminant-analysis,csp,1,150,boxcar,6,0.6075533163219217,[2]
linear-discriminant-analysis,csp,1,150,boxcar,6,0.5692688436648079,[3]
linear-discriminant-analysis,csp,1,150,boxcar,6,0.6449571229194881,[4]
linear-discriminant-analysis,csp,1,150,boxcar,6,0.578652306563445,[5]
linear-discriminant-analysis,csp,1,150,boxcar,6,0.5751052659513568,[6]
linear-discriminant-analysis,csp,1,150,boxcar,6,0.6360751048359573,[7]
linear-discriminant-analysis,csp,1,150,boxcar,6,0.6115896179282451,[8]
linear-discriminant-analysis,csp,1,150,boxcar,7,0.7123059034256324,[1]
linear-discriminant-analysis,csp,1,150,boxcar,7,0.6416715412315642,[2]
linear-discriminant-analysis,csp,1,150,boxcar,7,0.76222882003837,[3]
linear-discriminant-analysis,csp,1,150,boxcar,7,0.7457407256610181,[4]
linear-discriminant-analysis,csp,1,150,boxcar,7,0.7547316568866899,[5]
linear-discriminant-analysis,csp,1,150,boxcar,7,0.6466842846411486,[6]
linear-discriminant-analysis,csp,1,150,boxcar,7,0.6859613136716622,[7]
linear-discriminant-analysis,csp,1,150,boxcar,7,0.6771740509836334,[8]
linear-discriminant-analysis,csp,1,200,boxcar,1,0.6679523283928068,[1]
linear-discriminant-analysis,csp,1,200,boxcar,1,0.6858321818138444,[2]
linear-discriminant-analysis,csp,1,200,boxcar,1,0.669268612493401,[3]
linear-discriminant-analysis,csp,1,200,boxcar,1,0.6468513254200966,[4]
linear-discriminant-analysis,csp,1,200,boxcar,1,0.7132706110892749,[5]
linear-discriminant-analysis,csp,1,200,boxcar,1,0.68663649910363,[6]
linear-discriminant-analysis,csp,1,200,boxcar,1,0.6591387786392752,[7]
linear-discriminant-analysis,csp,1,200,boxcar,1,0.6777266587792471,[8]
linear-discriminant-analysis,csp,1,200,boxcar,2,0.805629793993002,[1]
linear-discriminant-analysis,csp,1,200,boxcar,2,0.33656379093374017,[2]
linear-discriminant-analysis,csp,1,200,boxcar,2,0.7155121507891766,[3]
linear-discriminant-analysis,csp,1,200,boxcar,2,0.807729803209594,[4]
linear-discriminant-analysis,csp,1,200,boxcar,2,0.692924048190656,[5]
linear-discriminant-analysis,csp,1,200,boxcar,2,0.7953068134925743,[6]
linear-discriminant-analysis,csp,1,200,boxcar,2,0.6836647709884901,[7]
linear-discriminant-analysis,csp,1,200,boxcar,2,0.7150078140775681,[8]
linear-discriminant-analysis,csp,1,200,boxcar,3,0.6215704969645404,[1]
linear-discriminant-analysis,csp,1,200,boxcar,3,0.6877285537390686,[2]
linear-discriminant-analysis,csp,1,200,boxcar,3,0.7112795040010264,[3]
linear-discriminant-analysis,csp,1,200,boxcar,3,0.6975176205125715,[4]
linear-discriminant-analysis,csp,1,200,boxcar,3,0.7198525838055865,[5]
linear-discriminant-analysis,csp,1,200,boxcar,3,0.6086527123862769,[6]
linear-discriminant-analysis,csp,1,200,boxcar,3,0.5964598917487932,[7]
linear-discriminant-analysis,csp,1,200,boxcar,3,0.6154495051241673,[8]
linear-discriminant-analysis,csp,1,200,boxcar,4,0.7420316065838594,[1]
linear-discriminant-analysis,csp,1,200,boxcar,4,0.775612291921032,[2]
linear-discriminant-analysis,csp,1,200,boxcar,4,0.7243110616241696,[3]
linear-discriminant-analysis,csp,1,200,boxcar,4,0.8088078547712682,[4]
linear-discriminant-analysis,csp,1,200,boxcar,4,0.6832591153516874,[5]
linear-discriminant-analysis,csp,1,200,boxcar,4,0.7809315428251988,[6]
linear-discriminant-analysis,csp,1,200,boxcar,4,0.6803729872950655,[7]
linear-discriminant-analysis,csp,1,200,boxcar,4,0.6689644075629452,[8]
linear-discriminant-analysis,csp,1,200,boxcar,5,0.6782960888455332,[1]
linear-discriminant-analysis,csp,1,200,boxcar,5,0.6663754594182625,[2]
linear-discriminant-analysis,csp,1,200,boxcar,5,0.7169305063319534,[3]
linear-discriminant-analysis,csp,1,200,boxcar,5,0.6598498114209391,[4]
linear-discriminant-analysis,csp,1,200,boxcar,5,0.6723149468371816,[5]
linear-discriminant-analysis,csp,1,200,boxcar,5,0.6855844557713588,[6]
linear-discriminant-analysis,csp,1,200,boxcar,5,0.6490103280376891,[7]
linear-discriminant-analysis,csp,1,200,boxcar,5,0.5945018715904097,[8]
linear-discriminant-analysis,csp,1,200,boxcar,6,0.5879394809603428,[1]
linear-discriminant-analysis,csp,1,200,boxcar,6,0.6096190826066565,[2]
linear-discriminant-analysis,csp,1,200,boxcar,6,0.5760162474891715,[3]
linear-discriminant-analysis,csp,1,200,boxcar,6,0.6325667953494049,[4]
linear-discriminant-analysis,csp,1,200,boxcar,6,0.5891199265563999,[5]
linear-discriminant-analysis,csp,1,200,boxcar,6,0.5756472964409135,[6]
linear-discriminant-analysis,csp,1,200,boxcar,6,0.6452760198767885,[7]
linear-discriminant-analysis,csp,1,200,boxcar,6,0.6292317143118392,[8]
linear-discriminant-analysis,csp,1,200,boxcar,7,0.7168551391938315,[1]
linear-discriminant-analysis,csp,1,200,boxcar,7,0.6438873994144766,[2]
linear-discriminant-analysis,csp,1,200,boxcar,7,0.7645933195079774,[3]
linear-discriminant-analysis,csp,1,200,boxcar,7,0.7512073699507246,[4]
linear-discriminant-analysis,csp,1,200,boxcar,7,0.764864499476527,[5]
linear-discriminant-analysis,csp,1,200,boxcar,7,0.6414873909877836,[6]
linear-discriminant-analysis,csp,1,200,boxcar,7,0.6905884046050575,[7]
linear-discriminant-analysis,csp,1,200,boxcar,7,0.6796814050594621,[8]
linear-discriminant-analysis,csp,1,250,boxcar,1,0.6731475052432246,[1]
linear-discriminant-analysis,csp,1,250,boxcar,1,0.6896456163564704,[2]
linear-discriminant-analysis,csp,1,250,boxcar,1,0.6894590000455185,[3]
linear-discriminant-analysis,csp,1,250,boxcar,1,0.6512569937698552,[4]
linear-discriminant-analysis,csp,1,250,boxcar,1,0.7247189938975725,[5]
linear-discriminant-analysis,csp,1,250,boxcar,1,0.7018339831848741,[6]
linear-discriminant-analysis,csp,1,250,boxcar,1,0.6528126566556648,[7]
linear-discriminant-analysis,csp,1,250,boxcar,1,0.6780200299924601,[8]
linear-discriminant-analysis,csp,1,250,boxcar,2,0.8063953833020423,[1]
linear-discriminant-analysis,csp,1,250,boxcar,2,0.3353503232738119,[2]
linear-discriminant-analysis,csp,1,250,boxcar,2,0.7099268856559974,[3]
linear-discriminant-analysis,csp,1,250,boxcar,2,0.8104538405366079,[4]
linear-discriminant-analysis,csp,1,250,boxcar,2,0.6864783551561744,[5]
linear-discriminant-analysis,csp,1,250,boxcar,2,0.7884364269693714,[6]
linear-discriminant-analysis,csp,1,250,boxcar,2,0.6758966753945659,[7]
linear-discriminant-analysis,csp,1,250,boxcar,2,0.7034987711678271,[8]
linear-discriminant-analysis,csp,1,250,boxcar,3,0.619732189846515,[1]
linear-discriminant-analysis,csp,1,250,boxcar,3,0.693545995441535,[2]
linear-discriminant-analysis,csp,1,250,boxcar,3,0.7134267232817996,[3]
linear-discriminant-analysis,csp,1,250,boxcar,3,0.6904700351365626,[4]
linear-discriminant-analysis,csp,1,250,boxcar,3,0.7244901558381343,[5]
linear-discriminant-analysis,csp,1,250,boxcar,3,0.6044394115831404,[6]
linear-discriminant-analysis,csp,1,250,boxcar,3,0.5801393513212,[7]
linear-discriminant-analysis,csp,1,250,boxcar,3,0.6131282846787641,[8]
linear-discriminant-analysis,csp,1,250,boxcar,4,0.7474419343051628,[1]
linear-discriminant-analysis,csp,1,250,boxcar,4,0.7785066762064327,[2]
linear-discriminant-analysis,csp,1,250,boxcar,4,0.7234225627616713,[3]
linear-discriminant-analysis,csp,1,250,boxcar,4,0.8125687861294911,[4]
linear-discriminant-analysis,csp,1,250,boxcar,4,0.6795057487098338,[5]
linear-discriminant-analysis,csp,1,250,boxcar,4,0.786212857703608,[6]
linear-discriminant-analysis,csp,1,250,boxcar,4,0.6713716724686926,[7]
linear-discriminant-analysis,csp,1,250,boxcar,4,0.6563010385230391,[8]
linear-discriminant-analysis,csp,1,250,boxcar,5,0.6856460586553998,[1]
linear-discriminant-analysis,csp,1,250,boxcar,5,0.6648312985121745,[2]
linear-discriminant-analysis,csp,1,250,boxcar,5,0.7264143421987782,[3]
linear-discriminant-analysis,csp,1,250,boxcar,5,0.6634754567300755,[4]
linear-discriminant-analysis,csp,1,250,boxcar,5,0.6773290700730895,[5]
linear-discriminant-analysis,csp,1,250,boxcar,5,0.6922520925012331,[6]
linear-discriminant-analysis,csp,1,250,boxcar,5,0.6596246264024971,[7]
linear-discriminant-analysis,csp,1,250,boxcar,5,0.5949011101927454,[8]
linear-discriminant-analysis,csp,1,250,boxcar,6,0.5919372779958237,[1]
linear-discriminant-analysis,csp,1,250,boxcar,6,0.6190942515150578,[2]
linear-discriminant-analysis,csp,1,250,boxcar,6,0.5861808966155474,[3]
linear-discriminant-analysis,csp,1,250,boxcar,6,0.626479981464127,[4]
linear-discriminant-analysis,csp,1,250,boxcar,6,0.6060957940428079,[5]
linear-discriminant-analysis,csp,1,250,boxcar,6,0.5774247917866503,[6]
linear-discriminant-analysis,csp,1,250,boxcar,6,0.6483531822542125,[7]
linear-discriminant-analysis,csp,1,250,boxcar,6,0.6403635010686776,[8]
linear-discriminant-analysis,csp,1,250,boxcar,7,0.7172610739433258,[1]
linear-discriminant-analysis,csp,1,250,boxcar,7,0.6431065582984784,[2]
linear-discriminant-analysis,csp,1,250,boxcar,7,0.7636721575214073,[3]
linear-discriminant-analysis,csp,1,250,boxcar,7,0.755700591189993,[4]
linear-discriminant-analysis,csp,1,250,boxcar,7,0.772495189911501,[5]
linear-discriminant-analysis,csp,1,250,boxcar,7,0.6368341438850829,[6]
linear-discriminant-analysis,csp,1,250,boxcar,7,0.6906427889839718,[7]
linear-discriminant-analysis,csp,1,250,boxcar,7,0.6823227141222837,[8]
linear-discriminant-analysis,csp,1,300,boxcar,1,0.6709614279613964,[1]
linear-discriminant-analysis,csp,1,300,boxcar,1,0.6959375836881453,[2]
linear-discriminant-analysis,csp,1,300,boxcar,1,0.7050418623330077,[3]
linear-discriminant-analysis,csp,1,300,boxcar,1,0.6530168778176496,[4]
linear-discriminant-analysis,csp,1,300,boxcar,1,0.7333542166244861,[5]
linear-discriminant-analysis,csp,1,300,boxcar,1,0.7143363919536588,[6]
linear-discriminant-analysis,csp,1,300,boxcar,1,0.6346949346219647,[7]
linear-discriminant-analysis,csp,1,300,boxcar,1,0.6739879124305418,[8]
linear-discriminant-analysis,csp,1,300,boxcar,2,0.801284668528011,[1]
linear-discriminant-analysis,csp,1,300,boxcar,2,0.3326941093429287,[2]
linear-discriminant-analysis,csp,1,300,boxcar,2,0.7005920138992643,[3]
linear-discriminant-analysis,csp,1,300,boxcar,2,0.8094554485726054,[4]
linear-discriminant-analysis,csp,1,300,boxcar,2,0.6753170626158393,[5]
linear-discriminant-analysis,csp,1,300,boxcar,2,0.7817396639812763,[6]
linear-discriminant-analysis,csp,1,300,boxcar,2,0.6660464334100303,[7]
linear-discriminant-analysis,csp,1,300,boxcar,2,0.685718931573688,[8]
linear-discriminant-analysis,csp,1,300,boxcar,3,0.6151060072066017,[1]
linear-discriminant-analysis,csp,1,300,boxcar,3,0.6980472841880666,[2]
linear-discriminant-analysis,csp,1,300,boxcar,3,0.711831375495569,[3]
linear-discriminant-analysis,csp,1,300,boxcar,3,0.6834307211884975,[4]
linear-discriminant-analysis,csp,1,300,boxcar,3,0.7236680659632695,[5]
linear-discriminant-analysis,csp,1,300,boxcar,3,0.5950138971078138,[6]
linear-discriminant-analysis,csp,1,300,boxcar,3,0.5617333652289056,[7]
linear-discriminant-analysis,csp,1,300,boxcar,3,0.605205164235277,[8]
linear-discriminant-analysis,csp,1,300,boxcar,4,0.7519795360037862,[1]
linear-discriminant-analysis,csp,1,300,boxcar,4,0.779899383873294,[2]
linear-discriminant-analysis,csp,1,300,boxcar,4,0.7161815561859065,[3]
linear-discriminant-analysis,csp,1,300,boxcar,4,0.8133960948268307,[4]
linear-discriminant-analysis,csp,1,300,boxcar,4,0.666739961705566,[5]
linear-discriminant-analysis,csp,1,300,boxcar,4,0.7841024013133101,[6]
linear-discriminant-analysis,csp,1,300,boxcar,4,0.6529247772193346,[7]
linear-discriminant-analysis,csp,1,300,boxcar,4,0.6370873931236593,[8]
linear-discriminant-analysis,csp,1,300,boxcar,5,0.6896441221881803,[1]
linear-discriminant-analysis,csp,1,300,boxcar,5,0.6620985828784499,[2]
linear-discriminant-analysis,csp,1,300,boxcar,5,0.73007628912331,[3]
linear-discriminant-analysis,csp,1,300,boxcar,5,0.6614187933129702,[4]
linear-discriminant-analysis,csp,1,300,boxcar,5,0.6840141948215551,[5]
linear-discriminant-analysis,csp,1,300,boxcar,5,0.6987242240475102,[6]
linear-discriminant-analysis,csp,1,300,boxcar,5,0.6652847676665422,[7]
linear-discriminant-analysis,csp,1,300,boxcar,5,0.5945417871364915,[8]
linear-discriminant-analysis,csp,1,300,boxcar,6,0.6002419323026369,[1]
linear-discriminant-analysis,csp,1,300,boxcar,6,0.6276060958578787,[2]
linear-discriminant-analysis,csp,1,300,boxcar,6,0.5999498269033955,[3]
linear-discriminant-analysis,csp,1,300,boxcar,6,0.6250292000120438,[4]
linear-discriminant-analysis,csp,1,300,boxcar,6,0.6186180104692205,[5]
linear-discriminant-analysis,csp,1,300,boxcar,6,0.5799022830717471,[6]
linear-discriminant-analysis,csp,1,300,boxcar,6,0.6517532158430871,[7]
linear-discriminant-analysis,csp,1,300,boxcar,6,0.6495884384410732,[8]
linear-discriminant-analysis,csp,1,300,boxcar,7,0.715997963192831,[1]
linear-discriminant-analysis,csp,1,300,boxcar,7,0.6455629339660997,[2]
linear-discriminant-analysis,csp,1,300,boxcar,7,0.7636299130565399,[3]
linear-discriminant-analysis,csp,1,300,boxcar,7,0.758681995516369,[4]
linear-discriminant-analysis,csp,1,300,boxcar,7,0.7779862627209408,[5]
linear-discriminant-analysis,csp,1,300,boxcar,7,0.6350134576621067,[6]
linear-discriminant-analysis,csp,1,300,boxcar,7,0.6902106515748231,[7]
linear-discriminant-analysis,csp,1,300,boxcar,7,0.6851492614613911,[8]
linear-discriminant-analysis,csp,1,400,boxcar,1,0.6650235890829401,[1]
linear-discriminant-analysis,csp,1,400,boxcar,1,0.6951314124621571,[2]
linear-discriminant-analysis,csp,1,400,boxcar,1,0.7302741927308439,[3]
linear-discriminant-analysis,csp,1,400,boxcar,1,0.6589540107807265,[4]
linear-discriminant-analysis,csp,1,400,boxcar,1,0.7545780889156152,[5]
linear-discriminant-analysis,csp,1,400,boxcar,1,0.7354309275056582,[6]
linear-discriminant-analysis,csp,1,400,boxcar,1,0.6165475946569238,[7]
linear-discriminant-analysis,csp,1,400,boxcar,1,0.6712515436053929,[8]
linear-discriminant-analysis,csp,1,400,boxcar,2,0.7739695388359022,[1]
linear-discriminant-analysis,csp,1,400,boxcar,2,0.3238138393325997,[2]
linear-discriminant-analysis,csp,1,400,boxcar,2,0.6743525948901015,[3]
linear-discriminant-analysis,csp,1,400,boxcar,2,0.7974223125740734,[4]
linear-discriminant-analysis,csp,1,400,boxcar,2,0.6489129878741082,[5]
linear-discriminant-analysis,csp,1,400,boxcar,2,0.7708122497620485,[6]
linear-discriminant-analysis,csp,1,400,boxcar,2,0.6442394390290218,[7]
linear-discriminant-analysis,csp,1,400,boxcar,2,0.6507629179670764,[8]
linear-discriminant-analysis,csp,1,400,boxcar,3,0.5977613734761756,[1]
linear-discriminant-analysis,csp,1,400,boxcar,3,0.6920739791411105,[2]
linear-discriminant-analysis,csp,1,400,boxcar,3,0.6932991333239545,[3]
linear-discriminant-analysis,csp,1,400,boxcar,3,0.6602155887292139,[4]
linear-discriminant-analysis,csp,1,400,boxcar,3,0.7032834056343288,[5]
linear-discriminant-analysis,csp,1,400,boxcar,3,0.562314204846695,[6]
linear-discriminant-analysis,csp,1,400,boxcar,3,0.5203344726476896,[7]
linear-discriminant-analysis,csp,1,400,boxcar,3,0.5815368995797919,[8]
linear-discriminant-analysis,csp,1,400,boxcar,4,0.742363634294576,[1]
linear-discriminant-analysis,csp,1,400,boxcar,4,0.7669320152748015,[2]
linear-discriminant-analysis,csp,1,400,boxcar,4,0.6794849764213081,[3]
linear-discriminant-analysis,csp,1,400,boxcar,4,0.794986708284152,[4]
linear-discriminant-analysis,csp,1,400,boxcar,4,0.6181259393273705,[5]
linear-discriminant-analysis,csp,1,400,boxcar,4,0.7564211102653468,[6]
linear-discriminant-analysis,csp,1,400,boxcar,4,0.5995550806401574,[7]
linear-discriminant-analysis,csp,1,400,boxcar,4,0.5841560850557196,[8]
linear-discriminant-analysis,csp,1,400,boxcar,5,0.6951161749101123,[1]
linear-discriminant-analysis,csp,1,400,boxcar,5,0.6573904195948851,[2]
linear-discriminant-analysis,csp,1,400,boxcar,5,0.7287995169887411,[3]
linear-discriminant-analysis,csp,1,400,boxcar,5,0.6477624902836624,[4]
linear-discriminant-analysis,csp,1,400,boxcar,5,0.6959270452305365,[5]
linear-discriminant-analysis,csp,1,400,boxcar,5,0.7139371581820018,[6]
linear-discriminant-analysis,csp,1,400,boxcar,5,0.6675158561760086,[7]
linear-discriminant-analysis,csp,1,400,boxcar,5,0.597212297384255,[8]
linear-discriminant-analysis,csp,1,400,boxcar,6,0.6117005217946352,[1]
linear-discriminant-analysis,csp,1,400,boxcar,6,0.6337391718923041,[2]
linear-discriminant-analysis,csp,1,400,boxcar,6,0.6134910609105803,[3]
linear-discriminant-analysis,csp,1,400,boxcar,6,0.621221186521571,[4]
linear-discriminant-analysis,csp,1,400,boxcar,6,0.6298691308986432,[5]
linear-discriminant-analysis,csp,1,400,boxcar,6,0.5841635174691312,[6]
linear-discriminant-analysis,csp,1,400,boxcar,6,0.6487355882559275,[7]
linear-discriminant-analysis,csp,1,400,boxcar,6,0.6558080638217895,[8]
linear-discriminant-analysis,csp,1,400,boxcar,7,0.7142187755064034,[1]
linear-discriminant-analysis,csp,1,400,boxcar,7,0.6539456833770252,[2]
linear-discriminant-analysis,csp,1,400,boxcar,7,0.7712423072636744,[3]
linear-discriminant-analysis,csp,1,400,boxcar,7,0.7543304900769149,[4]
linear-discriminant-analysis,csp,1,400,boxcar,7,0.780210734711139,[5]
linear-discriminant-analysis,csp,1,400,boxcar,7,0.6434014672339425,[6]
linear-discriminant-analysis,csp,1,400,boxcar,7,0.6965369313302242,[7]
linear-discriminant-analysis,csp,1,400,boxcar,7,0.6883787854373454,[8]